{
  "custom": {},
  "params": {},
  "props": {
    "defaultSize": {
      "height": 834
    }
  },
  "root": {
    "children": [
      {
        "meta": {
          "name": "floor"
        },
        "position": {
          "height": 501,
          "width": 649,
          "x": 1,
          "y": -1
        },
        "props": {
          "fit": {
            "mode": "fill"
          },
          "source": "/system/images/floor.svg"
        },
        "type": "ia.display.image"
      },
      {
        "meta": {
          "name": "door"
        },
        "position": {
          "height": 100,
          "width": 100,
          "x": 41,
          "y": 192
        },
        "propConfig": {
          "props.tint.color": {
            "binding": {
              "config": {
                "fallbackDelay": 2.5,
                "mode": "direct",
                "tagPath": "[default]Received/door"
              },
              "transforms": [
                {
                  "fallback": "#000000",
                  "inputType": "scalar",
                  "mappings": [
                    {
                      "input": 1,
                      "output": "#00AC00"
                    },
                    {
                      "input": 0,
                      "output": "#FF0000"
                    },
                    {
                      "input": 2,
                      "output": "#FF8C00"
                    }
                  ],
                  "outputType": "color",
                  "type": "map"
                }
              ],
              "type": "tag"
            }
          }
        },
        "props": {
          "fit": {
            "mode": "contain"
          },
          "source": "/system/images/door.svg",
          "tint": {
            "enabled": true
          }
        },
        "type": "ia.display.image"
      },
      {
        "meta": {
          "name": "sprinkler1"
        },
        "position": {
          "height": 63,
          "width": 68,
          "x": 138,
          "y": 321.5
        },
        "propConfig": {
          "props.tint.color": {
            "binding": {
              "config": {
                "fallbackDelay": 2.5,
                "mode": "direct",
                "tagPath": "[default]Received/Sprinkler/sp1"
              },
              "transforms": [
                {
                  "fallback": "#000000",
                  "inputType": "scalar",
                  "mappings": [
                    {
                      "input": 2,
                      "output": "#00AC00"
                    },
                    {
                      "input": 1,
                      "output": "#FF0000"
                    },
                    {
                      "input": 0,
                      "output": "#FF8C00"
                    }
                  ],
                  "outputType": "color",
                  "type": "map"
                }
              ],
              "type": "tag"
            }
          }
        },
        "props": {
          "fit": {
            "mode": "contain"
          },
          "source": "/system/images/sprinkler.svg",
          "tint": {
            "enabled": true
          }
        },
        "type": "ia.display.image"
      },
      {
        "meta": {
          "name": "sprinkler2"
        },
        "position": {
          "height": 63,
          "width": 68,
          "x": 141,
          "y": 104.5
        },
        "propConfig": {
          "props.tint.color": {
            "binding": {
              "config": {
                "fallbackDelay": 2.5,
                "mode": "direct",
                "tagPath": "[default]Received/Sprinkler/sp2"
              },
              "transforms": [
                {
                  "fallback": "#000000",
                  "inputType": "scalar",
                  "mappings": [
                    {
                      "input": 2,
                      "output": "#00AC00"
                    },
                    {
                      "input": 1,
                      "output": "#FF0000"
                    },
                    {
                      "input": 0,
                      "output": "#FF8C00"
                    }
                  ],
                  "outputType": "color",
                  "type": "map"
                }
              ],
              "type": "tag"
            }
          }
        },
        "props": {
          "fit": {
            "mode": "contain"
          },
          "source": "/system/images/sprinkler.svg",
          "tint": {
            "enabled": true
          }
        },
        "type": "ia.display.image"
      },
      {
        "meta": {
          "name": "sprinkler3"
        },
        "position": {
          "height": 63,
          "width": 68,
          "x": 421,
          "y": 104
        },
        "propConfig": {
          "props.tint.color": {
            "binding": {
              "config": {
                "fallbackDelay": 2.5,
                "mode": "direct",
                "tagPath": "[default]Received/Sprinkler/sp3"
              },
              "transforms": [
                {
                  "fallback": "#000000",
                  "inputType": "scalar",
                  "mappings": [
                    {
                      "input": 0,
                      "output": "#FF8C00"
                    },
                    {
                      "input": 1,
                      "output": "#FF0000"
                    },
                    {
                      "input": 2,
                      "output": "#00AC00"
                    }
                  ],
                  "outputType": "color",
                  "type": "map"
                }
              ],
              "type": "tag"
            }
          }
        },
        "props": {
          "fit": {
            "mode": "contain"
          },
          "source": "/system/images/sprinkler.svg",
          "tint": {
            "enabled": true
          }
        },
        "type": "ia.display.image"
      },
      {
        "meta": {
          "name": "sprinkler4"
        },
        "position": {
          "height": 63,
          "width": 68,
          "x": 421,
          "y": 321
        },
        "propConfig": {
          "props.tint.color": {
            "binding": {
              "config": {
                "fallbackDelay": 2.5,
                "mode": "direct",
                "tagPath": "[default]Received/Sprinkler/sp4"
              },
              "transforms": [
                {
                  "fallback": "#000000",
                  "inputType": "scalar",
                  "mappings": [
                    {
                      "input": 0,
                      "output": "#FF8C00"
                    },
                    {
                      "input": 1,
                      "output": "#FF0000"
                    },
                    {
                      "input": 2,
                      "output": "#00AC00"
                    }
                  ],
                  "outputType": "color",
                  "type": "map"
                }
              ],
              "type": "tag"
            }
          }
        },
        "props": {
          "fit": {
            "mode": "contain"
          },
          "source": "/system/images/sprinkler.svg",
          "tint": {
            "enabled": true
          }
        },
        "type": "ia.display.image"
      },
      {
        "children": [
          {
            "children": [
              {
                "meta": {
                  "name": "TextField"
                },
                "position": {
                  "breakpoints": [
                    {
                      "colIndex": 0,
                      "name": "md",
                      "order": 1,
                      "rowIndex": 1,
                      "span": 2
                    },
                    {
                      "colIndex": 0,
                      "name": "md",
                      "order": 1,
                      "rowIndex": 0,
                      "span": 2
                    },
                    {
                      "colIndex": 0,
                      "name": "lg",
                      "order": 1,
                      "rowIndex": 0,
                      "span": 1
                    }
                  ],
                  "height": 31
                },
                "propConfig": {
                  "props.text": {
                    "binding": {
                      "config": {
                        "bidirectional": true,
                        "fallbackDelay": 2.5,
                        "mode": "direct",
                        "tagPath": "[default]GH1/Thresholds/ss_1_lower"
                      },
                      "type": "tag"
                    }
                  }
                },
                "type": "ia.input.text-field"
              },
              {
                "meta": {
                  "name": "TextField_0"
                },
                "position": {
                  "breakpoints": [
                    {
                      "colIndex": 2,
                      "name": "md",
                      "order": 2,
                      "rowIndex": 1,
                      "span": 2
                    },
                    {
                      "colIndex": 0,
                      "name": "md",
                      "order": 1,
                      "rowIndex": 0,
                      "span": 2
                    },
                    {
                      "colIndex": 0,
                      "name": "lg",
                      "order": 1,
                      "rowIndex": 0,
                      "span": 1
                    }
                  ],
                  "height": 32
                },
                "propConfig": {
                  "props.text": {
                    "binding": {
                      "config": {
                        "bidirectional": true,
                        "fallbackDelay": 2.5,
                        "mode": "direct",
                        "tagPath": "[default]GH1/Thresholds/ss_1_upper"
                      },
                      "type": "tag"
                    }
                  }
                },
                "type": "ia.input.text-field"
              },
              {
                "meta": {
                  "name": "TextField_1"
                },
                "position": {
                  "breakpoints": [
                    {
                      "colIndex": 2,
                      "name": "md",
                      "order": 2.5,
                      "rowIndex": 2,
                      "span": 2
                    },
                    {
                      "colIndex": 0,
                      "name": "md",
                      "order": 2,
                      "rowIndex": 1,
                      "span": 2
                    },
                    {
                      "colIndex": 2,
                      "name": "lg",
                      "order": 2,
                      "rowIndex": 1,
                      "span": 2
                    }
                  ],
                  "height": 32
                },
                "propConfig": {
                  "props.text": {
                    "binding": {
                      "config": {
                        "bidirectional": true,
                        "fallbackDelay": 2.5,
                        "mode": "direct",
                        "tagPath": "[default]GH1/Thresholds/ss_2_upper"
                      },
                      "type": "tag"
                    }
                  }
                },
                "type": "ia.input.text-field"
              },
              {
                "meta": {
                  "name": "TextField_2"
                },
                "position": {
                  "breakpoints": [
                    {
                      "colIndex": 0,
                      "name": "md",
                      "order": 1.5,
                      "rowIndex": 2,
                      "span": 2
                    },
                    {
                      "colIndex": 0,
                      "name": "md",
                      "order": 0.5,
                      "rowIndex": 1,
                      "span": 2
                    },
                    {
                      "colIndex": 0,
                      "name": "lg",
                      "order": 0.5,
                      "rowIndex": 1,
                      "span": 2
                    }
                  ],
                  "height": 30
                },
                "propConfig": {
                  "props.text": {
                    "binding": {
                      "config": {
                        "bidirectional": true,
                        "fallbackDelay": 2.5,
                        "mode": "direct",
                        "tagPath": "[default]GH1/Thresholds/ss_2_lower"
                      },
                      "type": "tag"
                    }
                  }
                },
                "type": "ia.input.text-field"
              },
              {
                "meta": {
                  "name": "TextField_3"
                },
                "position": {
                  "breakpoints": [
                    {
                      "colIndex": 2,
                      "name": "md",
                      "order": 4.5,
                      "rowIndex": 3,
                      "span": 2
                    },
                    {
                      "colIndex": 0,
                      "name": "md",
                      "order": 1,
                      "rowIndex": 0,
                      "span": 2
                    },
                    {
                      "colIndex": 0,
                      "name": "lg",
                      "order": 1,
                      "rowIndex": 0,
                      "span": 1
                    }
                  ],
                  "height": 35
                },
                "propConfig": {
                  "props.text": {
                    "binding": {
                      "config": {
                        "bidirectional": true,
                        "fallbackDelay": 2.5,
                        "mode": "direct",
                        "tagPath": "[default]GH1/Thresholds/ss_3_upper"
                      },
                      "type": "tag"
                    }
                  }
                },
                "type": "ia.input.text-field"
              },
              {
                "meta": {
                  "name": "TextField_4"
                },
                "position": {
                  "breakpoints": [
                    {
                      "colIndex": 0,
                      "name": "md",
                      "order": 3.5,
                      "rowIndex": 3,
                      "span": 2
                    },
                    {
                      "colIndex": 0,
                      "name": "md",
                      "order": 1,
                      "rowIndex": 0,
                      "span": 2
                    },
                    {
                      "colIndex": 0,
                      "name": "lg",
                      "order": 1,
                      "rowIndex": 0,
                      "span": 1
                    }
                  ],
                  "height": 32
                },
                "propConfig": {
                  "props.text": {
                    "binding": {
                      "config": {
                        "bidirectional": true,
                        "fallbackDelay": 2.5,
                        "mode": "direct",
                        "tagPath": "[default]GH1/Thresholds/ss_3_lower"
                      },
                      "type": "tag"
                    }
                  }
                },
                "type": "ia.input.text-field"
              },
              {
                "meta": {
                  "name": "TextField_5"
                },
                "position": {
                  "breakpoints": [
                    {
                      "colIndex": 2,
                      "name": "md",
                      "order": 1,
                      "rowIndex": 4,
                      "span": 2
                    },
                    {
                      "colIndex": 0,
                      "name": "md",
                      "order": 1,
                      "rowIndex": 0,
                      "span": 2
                    },
                    {
                      "colIndex": 0,
                      "name": "lg",
                      "order": 1,
                      "rowIndex": 0,
                      "span": 1
                    }
                  ],
                  "height": 32
                },
                "propConfig": {
                  "props.text": {
                    "binding": {
                      "config": {
                        "bidirectional": true,
                        "fallbackDelay": 2.5,
                        "mode": "direct",
                        "tagPath": "[default]GH1/Thresholds/ss_4_upper"
                      },
                      "type": "tag"
                    }
                  }
                },
                "type": "ia.input.text-field"
              },
              {
                "meta": {
                  "name": "TextField_6"
                },
                "position": {
                  "breakpoints": [
                    {
                      "colIndex": 0,
                      "name": "md",
                      "order": 0,
                      "rowIndex": 4,
                      "span": 2
                    },
                    {
                      "colIndex": 0,
                      "name": "md",
                      "order": 1,
                      "rowIndex": 0,
                      "span": 2
                    },
                    {
                      "colIndex": 0,
                      "name": "lg",
                      "order": 1,
                      "rowIndex": 0,
                      "span": 1
                    }
                  ],
                  "height": 34
                },
                "propConfig": {
                  "props.text": {
                    "binding": {
                      "config": {
                        "bidirectional": true,
                        "fallbackDelay": 2.5,
                        "mode": "direct",
                        "tagPath": "[default]GH1/Thresholds/ss_4_lower"
                      },
                      "type": "tag"
                    }
                  }
                },
                "type": "ia.input.text-field"
              },
              {
                "meta": {
                  "name": "Label"
                },
                "position": {
                  "breakpoints": [
                    {
                      "colIndex": 0,
                      "name": "md",
                      "order": 0.5,
                      "rowIndex": 0,
                      "span": 1
                    },
                    {
                      "colIndex": 3,
                      "name": "md",
                      "order": 1,
                      "rowIndex": 1,
                      "span": 1
                    },
                    {
                      "colIndex": 6,
                      "name": "lg",
                      "order": 1,
                      "rowIndex": 1,
                      "span": 1
                    }
                  ],
                  "height": 34
                },
                "props": {
                  "text": "Min"
                },
                "type": "ia.display.label"
              },
              {
                "meta": {
                  "name": "Label_0"
                },
                "position": {
                  "breakpoints": [
                    {
                      "colIndex": 2,
                      "name": "md",
                      "order": 1,
                      "rowIndex": 0,
                      "span": 2
                    },
                    {
                      "colIndex": 1,
                      "name": "md",
                      "order": 0.5,
                      "rowIndex": 0,
                      "span": 2
                    },
                    {
                      "colIndex": 6,
                      "name": "lg",
                      "order": 1,
                      "rowIndex": 1,
                      "span": 1
                    }
                  ],
                  "height": 35
                },
                "props": {
                  "text": "Max"
                },
                "type": "ia.display.label"
              }
            ],
            "meta": {
              "name": "SmokeSensors"
            },
            "props": {
              "breakpoints": [
                {
                  "minWidth": 0,
                  "name": "md"
                },
                {
                  "minWidth": 480,
                  "name": "md"
                },
                {
                  "minWidth": 996,
                  "name": "lg"
                }
              ]
            },
            "type": "ia.container.column"
          },
          {
            "children": [
              {
                "meta": {
                  "name": "Label"
                },
                "position": {
                  "breakpoints": [
                    {
                      "colIndex": 0,
                      "name": "sm",
                      "order": 2,
                      "rowIndex": 0,
                      "span": 2
                    },
                    {
                      "colIndex": 0,
                      "name": "md",
                      "order": 1,
                      "rowIndex": 0,
                      "span": 2
                    },
                    {
                      "colIndex": 0,
                      "name": "lg",
                      "order": 2,
                      "rowIndex": 0,
                      "span": 2
                    }
                  ],
                  "height": 45
                },
                "props": {
                  "text": "Sensor 1"
                },
                "type": "ia.display.label"
              },
              {
                "meta": {
                  "name": "Label_1"
                },
                "position": {
                  "breakpoints": [
                    {
                      "colIndex": 0,
                      "name": "sm",
                      "order": 2,
                      "rowIndex": 0,
                      "span": 2
                    },
                    {
                      "colIndex": 0,
                      "name": "md",
                      "order": 1,
                      "rowIndex": 2,
                      "span": 2
                    },
                    {
                      "colIndex": 0,
                      "name": "lg",
                      "order": 2,
                      "rowIndex": 0,
                      "span": 2
                    }
                  ],
                  "height": 44
                },
                "props": {
                  "text": "Sensor 3"
                },
                "type": "ia.display.label"
              },
              {
                "meta": {
                  "name": "Label_0"
                },
                "position": {
                  "breakpoints": [
                    {
                      "colIndex": 0,
                      "name": "sm",
                      "order": 2,
                      "rowIndex": 0,
                      "span": 2
                    },
                    {
                      "colIndex": 0,
                      "name": "md",
                      "order": -0.5,
                      "rowIndex": 1,
                      "span": 2
                    },
                    {
                      "colIndex": 0,
                      "name": "lg",
                      "order": 2,
                      "rowIndex": 0,
                      "span": 2
                    }
                  ],
                  "height": 46
                },
                "props": {
                  "text": "Sensor 2"
                },
                "type": "ia.display.label"
              },
              {
                "meta": {
                  "name": "Label_2"
                },
                "position": {
                  "breakpoints": [
                    {
                      "colIndex": 0,
                      "name": "sm",
                      "order": 2,
                      "rowIndex": 0,
                      "span": 2
                    },
                    {
                      "colIndex": 0,
                      "name": "md",
                      "order": -1,
                      "rowIndex": 3,
                      "span": 2
                    },
                    {
                      "colIndex": 0,
                      "name": "lg",
                      "order": 2,
                      "rowIndex": 0,
                      "span": 2
                    }
                  ],
                  "height": 46
                },
                "props": {
                  "text": "Sensor 4"
                },
                "type": "ia.display.label"
              },
              {
                "meta": {
                  "name": "RadioGroup"
                },
                "position": {
                  "breakpoints": [
                    {
                      "colIndex": 7,
                      "name": "sm",
                      "order": 1,
                      "rowIndex": 4,
                      "span": 1
                    },
                    {
                      "colIndex": 2,
                      "name": "md",
                      "order": 1.5,
                      "rowIndex": 0,
                      "span": 7
                    },
                    {
                      "colIndex": 7,
                      "name": "lg",
                      "order": 1,
                      "rowIndex": 4,
                      "span": 1
                    }
                  ],
                  "height": 48
                },
                "propConfig": {
                  "props.index": {
                    "binding": {
                      "config": {
                        "bidirectional": true,
                        "fallbackDelay": 2.5,
                        "mode": "direct",
                        "tagPath": "[default]GH1/Flame_Sensor/State/fs1"
                      },
                      "type": "tag"
                    }
                  }
                },
                "props": {
                  "orientation": "column",
                  "radios": [
                    {
                      "selected": true,
                      "text": "Fault",
                      "value": "Radio button"
                    },
                    {
                      "selected": false,
                      "text": "High",
                      "value": "Radio button"
                    },
                    {
                      "selected": false,
                      "text": "Low",
                      "value": "Radio button"
                    }
                  ]
                },
                "type": "ia.input.radio-group"
              },
              {
                "meta": {
                  "name": "RadioGroup_0"
                },
                "position": {
                  "breakpoints": [
                    {
                      "colIndex": 7,
                      "name": "sm",
                      "order": 1,
                      "rowIndex": 4,
                      "span": 1
                    },
                    {
                      "colIndex": 2,
                      "name": "md",
                      "order": 1.5,
                      "rowIndex": 2,
                      "span": 7
                    },
                    {
                      "colIndex": 7,
                      "name": "lg",
                      "order": 1,
                      "rowIndex": 4,
                      "span": 1
                    }
                  ],
                  "height": 47
                },
                "propConfig": {
                  "props.index": {
                    "binding": {
                      "config": {
                        "bidirectional": true,
                        "fallbackDelay": 2.5,
                        "mode": "direct",
                        "tagPath": "[default]GH1/Flame_Sensor/State/fs3"
                      },
                      "type": "tag"
                    }
                  }
                },
                "props": {
                  "orientation": "column",
                  "radios": [
                    {
                      "selected": true,
                      "text": "Fault",
                      "value": "Radio button"
                    },
                    {
                      "selected": false,
                      "text": "High",
                      "value": "Radio button"
                    },
                    {
                      "selected": false,
                      "text": "Low",
                      "value": "Radio button"
                    }
                  ]
                },
                "type": "ia.input.radio-group"
              },
              {
                "meta": {
                  "name": "RadioGroup_1"
                },
                "position": {
                  "breakpoints": [
                    {
                      "colIndex": 7,
                      "name": "sm",
                      "order": 1,
                      "rowIndex": 4,
                      "span": 1
                    },
                    {
                      "colIndex": 2,
                      "name": "md",
                      "order": 0,
                      "rowIndex": 1,
                      "span": 7
                    },
                    {
                      "colIndex": 7,
                      "name": "lg",
                      "order": 1,
                      "rowIndex": 4,
                      "span": 1
                    }
                  ],
                  "height": 46
                },
                "propConfig": {
                  "props.index": {
                    "binding": {
                      "config": {
                        "bidirectional": true,
                        "fallbackDelay": 2.5,
                        "mode": "direct",
                        "tagPath": "[default]GH1/Flame_Sensor/State/fs2"
                      },
                      "type": "tag"
                    }
                  }
                },
                "props": {
                  "orientation": "column",
                  "radios": [
                    {
                      "selected": true,
                      "text": "Fault",
                      "value": "Radio button"
                    },
                    {
                      "selected": false,
                      "text": "High",
                      "value": "Radio button"
                    },
                    {
                      "selected": false,
                      "text": "Low",
                      "value": "Radio button"
                    }
                  ]
                },
                "type": "ia.input.radio-group"
              },
              {
                "meta": {
                  "name": "RadioGroup_2"
                },
                "position": {
                  "breakpoints": [
                    {
                      "colIndex": 7,
                      "name": "sm",
                      "order": 1,
                      "rowIndex": 4,
                      "span": 1
                    },
                    {
                      "colIndex": 2,
                      "name": "md",
                      "order": 0,
                      "rowIndex": 3,
                      "span": 7
                    },
                    {
                      "colIndex": 7,
                      "name": "lg",
                      "order": 1,
                      "rowIndex": 4,
                      "span": 1
                    }
                  ],
                  "height": 45
                },
                "propConfig": {
                  "props.index": {
                    "binding": {
                      "config": {
                        "bidirectional": true,
                        "fallbackDelay": 2.5,
                        "mode": "direct",
                        "tagPath": "[default]GH1/Flame_Sensor/State/fs4"
                      },
                      "type": "tag"
                    }
                  }
                },
                "props": {
                  "orientation": "column",
                  "radios": [
                    {
                      "selected": true,
                      "text": "Fault",
                      "value": "Radio button"
                    },
                    {
                      "selected": false,
                      "text": "High",
                      "value": "Radio button"
                    },
                    {
                      "selected": false,
                      "text": "Low",
                      "value": "Radio button"
                    }
                  ]
                },
                "type": "ia.input.radio-group"
              }
            ],
            "meta": {
              "name": "ColumnContainer_0"
            },
            "position": {
              "tabIndex": 1
            },
            "type": "ia.container.column"
          },
          {
            "children": [
              {
                "meta": {
                  "name": "Label"
                },
                "position": {
                  "breakpoints": [
                    {
                      "colIndex": 0,
                      "name": "sm",
                      "order": 2,
                      "rowIndex": 0,
                      "span": 2
                    },
                    {
                      "colIndex": 0,
                      "name": "md",
                      "order": 1,
                      "rowIndex": 0,
                      "span": 2
                    },
                    {
                      "colIndex": 0,
                      "name": "lg",
                      "order": 2,
                      "rowIndex": 0,
                      "span": 2
                    }
                  ],
                  "height": 45
                },
                "props": {
                  "text": "Actuator 1"
                },
                "type": "ia.display.label"
              },
              {
                "meta": {
                  "name": "Label_1"
                },
                "position": {
                  "breakpoints": [
                    {
                      "colIndex": 0,
                      "name": "sm",
                      "order": 2,
                      "rowIndex": 0,
                      "span": 2
                    },
                    {
                      "colIndex": 0,
                      "name": "md",
                      "order": 1,
                      "rowIndex": 2,
                      "span": 2
                    },
                    {
                      "colIndex": 0,
                      "name": "lg",
                      "order": 2,
                      "rowIndex": 0,
                      "span": 2
                    }
                  ],
                  "height": 44
                },
                "props": {
                  "text": "Actuator 3"
                },
                "type": "ia.display.label"
              },
              {
                "meta": {
                  "name": "Label_0"
                },
                "position": {
                  "breakpoints": [
                    {
                      "colIndex": 0,
                      "name": "sm",
                      "order": 2,
                      "rowIndex": 0,
                      "span": 2
                    },
                    {
                      "colIndex": 0,
                      "name": "md",
                      "order": -0.5,
                      "rowIndex": 1,
                      "span": 2
                    },
                    {
                      "colIndex": 0,
                      "name": "lg",
                      "order": 2,
                      "rowIndex": 0,
                      "span": 2
                    }
                  ],
                  "height": 46
                },
                "props": {
                  "text": "Actuator 2"
                },
                "type": "ia.display.label"
              },
              {
                "meta": {
                  "name": "Label_2"
                },
                "position": {
                  "breakpoints": [
                    {
                      "colIndex": 0,
                      "name": "sm",
                      "order": 2,
                      "rowIndex": 0,
                      "span": 2
                    },
                    {
                      "colIndex": 0,
                      "name": "md",
                      "order": -1,
                      "rowIndex": 3,
                      "span": 2
                    },
                    {
                      "colIndex": 0,
                      "name": "lg",
                      "order": 2,
                      "rowIndex": 0,
                      "span": 2
                    }
                  ],
                  "height": 46
                },
                "props": {
                  "text": "Actuator 4"
                },
                "type": "ia.display.label"
              },
              {
                "meta": {
                  "name": "RadioGroup"
                },
                "position": {
                  "breakpoints": [
                    {
                      "colIndex": 7,
                      "name": "sm",
                      "order": 1,
                      "rowIndex": 4,
                      "span": 1
                    },
                    {
                      "colIndex": 2,
                      "name": "md",
                      "order": 1.5,
                      "rowIndex": 0,
                      "span": 7
                    },
                    {
                      "colIndex": 7,
                      "name": "lg",
                      "order": 1,
                      "rowIndex": 4,
                      "span": 1
                    }
                  ],
                  "height": 48
                },
                "propConfig": {
                  "props.index": {
                    "binding": {
                      "config": {
                        "bidirectional": true,
                        "fallbackDelay": 2.5,
                        "mode": "direct",
                        "tagPath": "[default]GH1/Sprinkler/State/sp1"
                      },
                      "type": "tag"
                    }
                  }
                },
                "props": {
                  "orientation": "column",
                  "radios": [
                    {
                      "selected": false,
                      "text": "Fault",
                      "value": "Radio button"
                    },
                    {
                      "selected": false,
                      "text": "High",
                      "value": "Radio button"
                    },
                    {
                      "selected": true,
                      "text": "Low",
                      "value": "Radio button"
                    }
                  ]
                },
                "type": "ia.input.radio-group"
              },
              {
                "meta": {
                  "name": "RadioGroup_0"
                },
                "position": {
                  "breakpoints": [
                    {
                      "colIndex": 7,
                      "name": "sm",
                      "order": 1,
                      "rowIndex": 4,
                      "span": 1
                    },
                    {
                      "colIndex": 2,
                      "name": "md",
                      "order": 1.5,
                      "rowIndex": 2,
                      "span": 7
                    },
                    {
                      "colIndex": 7,
                      "name": "lg",
                      "order": 1,
                      "rowIndex": 4,
                      "span": 1
                    }
                  ],
                  "height": 47
                },
                "propConfig": {
                  "props.index": {
                    "binding": {
                      "config": {
                        "bidirectional": true,
                        "fallbackDelay": 2.5,
                        "mode": "direct",
                        "tagPath": "[default]GH1/Sprinkler/State/sp3"
                      },
                      "type": "tag"
                    }
                  }
                },
                "props": {
                  "orientation": "column",
                  "radios": [
                    {
                      "selected": false,
                      "text": "Fault",
                      "value": "Radio button"
                    },
                    {
                      "selected": false,
                      "text": "High",
                      "value": "Radio button"
                    },
                    {
                      "selected": true,
                      "text": "Low",
                      "value": "Radio button"
                    }
                  ]
                },
                "type": "ia.input.radio-group"
              },
              {
                "meta": {
                  "name": "RadioGroup_1"
                },
                "position": {
                  "breakpoints": [
                    {
                      "colIndex": 7,
                      "name": "sm",
                      "order": 1,
                      "rowIndex": 4,
                      "span": 1
                    },
                    {
                      "colIndex": 2,
                      "name": "md",
                      "order": 0,
                      "rowIndex": 1,
                      "span": 7
                    },
                    {
                      "colIndex": 7,
                      "name": "lg",
                      "order": 1,
                      "rowIndex": 4,
                      "span": 1
                    }
                  ],
                  "height": 46
                },
                "propConfig": {
                  "props.index": {
                    "binding": {
                      "config": {
                        "bidirectional": true,
                        "fallbackDelay": 2.5,
                        "mode": "direct",
                        "tagPath": "[default]GH1/Sprinkler/State/sp2"
                      },
                      "type": "tag"
                    }
                  }
                },
                "props": {
                  "orientation": "column",
                  "radios": [
                    {
                      "selected": false,
                      "text": "Fault",
                      "value": "Radio button"
                    },
                    {
                      "selected": false,
                      "text": "High",
                      "value": "Radio button"
                    },
                    {
                      "selected": true,
                      "text": "Low",
                      "value": "Radio button"
                    }
                  ]
                },
                "type": "ia.input.radio-group"
              },
              {
                "meta": {
                  "name": "RadioGroup_2"
                },
                "position": {
                  "breakpoints": [
                    {
                      "colIndex": 7,
                      "name": "sm",
                      "order": 1,
                      "rowIndex": 4,
                      "span": 1
                    },
                    {
                      "colIndex": 2,
                      "name": "md",
                      "order": 0,
                      "rowIndex": 3,
                      "span": 7
                    },
                    {
                      "colIndex": 7,
                      "name": "lg",
                      "order": 1,
                      "rowIndex": 4,
                      "span": 1
                    }
                  ],
                  "height": 45
                },
                "propConfig": {
                  "props.index": {
                    "binding": {
                      "config": {
                        "bidirectional": true,
                        "fallbackDelay": 2.5,
                        "mode": "direct",
                        "tagPath": "[default]GH1/Sprinkler/State/sp4"
                      },
                      "type": "tag"
                    }
                  }
                },
                "props": {
                  "orientation": "column",
                  "radios": [
                    {
                      "selected": false,
                      "text": "Fault",
                      "value": "Radio button"
                    },
                    {
                      "selected": false,
                      "text": "High",
                      "value": "Radio button"
                    },
                    {
                      "selected": true,
                      "text": "Low",
                      "value": "Radio button"
                    }
                  ]
                },
                "type": "ia.input.radio-group"
              }
            ],
            "meta": {
              "name": "ColumnContainer_1"
            },
            "position": {
              "tabIndex": 2
            },
            "type": "ia.container.column"
          },
          {
            "children": [
              {
                "meta": {
                  "name": "Label"
                },
                "position": {
                  "breakpoints": [
                    {
                      "colIndex": 0,
                      "name": "sm",
                      "order": 2,
                      "rowIndex": 0,
                      "span": 2
                    },
                    {
                      "colIndex": 0,
                      "name": "md",
                      "order": 1.5,
                      "rowIndex": 0,
                      "span": 2
                    },
                    {
                      "colIndex": 0,
                      "name": "lg",
                      "order": 2,
                      "rowIndex": 0,
                      "span": 2
                    }
                  ],
                  "height": 45
                },
                "props": {
                  "text": "Door"
                },
                "type": "ia.display.label"
              },
              {
                "meta": {
                  "name": "RadioGroup"
                },
                "position": {
                  "breakpoints": [
                    {
                      "colIndex": 7,
                      "name": "sm",
                      "order": 1,
                      "rowIndex": 4,
                      "span": 1
                    },
                    {
                      "colIndex": 2,
                      "name": "md",
                      "order": 1.5,
                      "rowIndex": 0,
                      "span": 7
                    },
                    {
                      "colIndex": 7,
                      "name": "lg",
                      "order": 1,
                      "rowIndex": 4,
                      "span": 1
                    }
                  ],
                  "height": 48
                },
                "propConfig": {
                  "props.index": {
                    "binding": {
                      "config": {
                        "bidirectional": true,
                        "fallbackDelay": 2.5,
                        "mode": "direct",
                        "tagPath": "[default]GH1/Other/State/door"
                      },
                      "type": "tag"
                    }
                  }
                },
                "props": {
                  "orientation": "column",
                  "radios": [
                    {
                      "selected": true,
                      "text": "Open",
                      "value": "Radio button"
                    },
                    {
                      "selected": false,
                      "text": "Closed",
                      "value": "Radio button"
                    },
                    {
                      "selected": false,
                      "text": "Fault",
                      "value": "Radio button"
                    }
                  ]
                },
                "type": "ia.input.radio-group"
              },
              {
                "meta": {
                  "name": "Label_0"
                },
                "position": {
                  "breakpoints": [
                    {
                      "colIndex": 0,
                      "name": "sm",
                      "order": 2,
                      "rowIndex": 0,
                      "span": 2
                    },
                    {
                      "colIndex": 0,
                      "name": "md",
                      "order": 0,
                      "rowIndex": 1,
                      "span": 2
                    },
                    {
                      "colIndex": 0,
                      "name": "lg",
                      "order": 2,
                      "rowIndex": 0,
                      "span": 2
                    }
                  ],
                  "height": 49
                },
                "props": {
                  "text": "Bell"
                },
                "type": "ia.display.label"
              },
              {
                "meta": {
                  "name": "RadioGroup_0"
                },
                "position": {
                  "breakpoints": [
                    {
                      "colIndex": 7,
                      "name": "sm",
                      "order": 1,
                      "rowIndex": 4,
                      "span": 1
                    },
                    {
                      "colIndex": 2,
                      "name": "md",
                      "order": 1,
                      "rowIndex": 1,
                      "span": 7
                    },
                    {
                      "colIndex": 7,
                      "name": "lg",
                      "order": 1,
                      "rowIndex": 4,
                      "span": 1
                    }
                  ],
                  "height": 47
                },
                "propConfig": {
                  "props.index": {
                    "binding": {
                      "config": {
                        "bidirectional": true,
                        "fallbackDelay": 2.5,
                        "mode": "direct",
                        "tagPath": "[default]GH1/Other/State/bell"
                      },
                      "type": "tag"
                    }
                  }
                },
                "props": {
                  "orientation": "column",
                  "radios": [
                    {
                      "selected": true,
                      "text": "Low",
                      "value": "Radio button"
                    },
                    {
                      "selected": false,
                      "text": "High",
                      "value": "Radio button"
                    },
                    {
                      "selected": false,
                      "text": "Fault",
                      "value": "Radio button"
                    }
                  ]
                },
                "type": "ia.input.radio-group"
              },
              {
                "meta": {
                  "name": "Label_1"
                },
                "position": {
                  "breakpoints": [
                    {
                      "colIndex": 0,
                      "name": "sm",
                      "order": 2,
                      "rowIndex": 0,
                      "span": 2
                    },
                    {
                      "colIndex": 0,
                      "name": "md",
                      "order": 0,
                      "rowIndex": 2,
                      "span": 2
                    },
                    {
                      "colIndex": 0,
                      "name": "lg",
                      "order": 2,
                      "rowIndex": 0,
                      "span": 2
                    }
                  ],
                  "height": 60
                },
                "props": {
                  "text": "Switch"
                },
                "type": "ia.display.label"
              },
              {
                "meta": {
                  "name": "RadioGroup_1"
                },
                "position": {
                  "breakpoints": [
                    {
                      "colIndex": 7,
                      "name": "sm",
                      "order": 1,
                      "rowIndex": 4,
                      "span": 1
                    },
                    {
                      "colIndex": 2,
                      "name": "md",
                      "order": 1,
                      "rowIndex": 2,
                      "span": 7
                    },
                    {
                      "colIndex": 7,
                      "name": "lg",
                      "order": 1,
                      "rowIndex": 4,
                      "span": 1
                    }
                  ],
                  "height": 60
                },
                "propConfig": {
                  "props.index": {
                    "binding": {
                      "config": {
                        "bidirectional": true,
                        "fallbackDelay": 2.5,
                        "mode": "direct",
                        "tagPath": "[default]GH1/Other/State/switch"
                      },
                      "type": "tag"
                    }
                  }
                },
                "props": {
                  "orientation": "column",
                  "radios": [
                    {
                      "selected": true,
                      "text": "Low",
                      "value": "Radio button"
                    },
                    {
                      "selected": false,
                      "text": "High",
                      "value": "Radio button"
                    },
                    {
                      "selected": false,
                      "text": "Fault",
                      "value": "Radio button"
                    }
                  ]
                },
                "type": "ia.input.radio-group"
              },
              {
                "meta": {
                  "name": "Label_2"
                },
                "position": {
                  "breakpoints": [
                    {
                      "colIndex": 0,
                      "name": "sm",
                      "order": 2,
                      "rowIndex": 3,
                      "span": 2
                    },
                    {
                      "colIndex": 0,
                      "name": "md",
                      "order": 1,
                      "rowIndex": 3,
                      "span": 2
                    },
                    {
                      "colIndex": 0,
                      "name": "lg",
                      "order": 2,
                      "rowIndex": 3,
                      "span": 2
                    }
                  ],
                  "height": 60
                },
                "props": {
                  "text": "Camera"
                },
                "type": "ia.display.label"
              },
              {
                "meta": {
                  "name": "ToggleSwitch"
                },
                "position": {
                  "breakpoints": [
                    {
                      "colIndex": 4,
                      "name": "sm",
                      "order": 1,
                      "rowIndex": 3,
                      "span": 1
                    },
                    {
                      "colIndex": 2,
                      "name": "md",
                      "order": 2,
                      "rowIndex": 3,
                      "span": 2
                    },
                    {
                      "colIndex": 4,
                      "name": "lg",
                      "order": 1,
                      "rowIndex": 3,
                      "span": 1
                    }
                  ],
                  "height": 60
                },
                "propConfig": {
                  "props.selected": {
                    "binding": {
                      "config": {
                        "bidirectional": true,
                        "fallbackDelay": 2.5,
                        "mode": "direct",
                        "tagPath": "[default]GH1/Camera/State"
                      },
                      "type": "tag"
                    }
                  }
                },
                "type": "ia.input.toggle-switch"
              }
            ],
            "meta": {
              "name": "ColumnContainer_2"
            },
            "position": {
              "tabIndex": 3
            },
            "type": "ia.container.column"
          }
        ],
        "meta": {
          "name": "TabContainer"
        },
        "position": {
          "height": 300,
          "width": 541,
          "x": 54.60000000000002,
          "y": 418.6
        },
        "props": {
          "menuType": "modern",
          "tabSize": {
            "width": 150
          },
          "tabs": [
            "Smoke sensors",
            "Flame Sensors",
            "Sprinkler",
            "Other"
          ]
        },
        "type": "ia.container.tab"
      },
      {
        "meta": {
          "name": "flame1"
        },
        "position": {
          "height": 63,
          "width": 68,
          "x": 215.10000038146973,
          "y": 321.5
        },
        "propConfig": {
          "props.tint.color": {
            "binding": {
              "config": {
                "fallbackDelay": 2.5,
                "mode": "direct",
                "tagPath": "[default]Received/Flame_Sensor/fs1"
              },
              "transforms": [
                {
                  "fallback": "#000000",
                  "inputType": "scalar",
                  "mappings": [
                    {
                      "input": 0,
                      "output": "#FF8C00"
                    },
                    {
                      "input": 1,
                      "output": "#FF0000"
                    },
                    {
                      "input": 2,
                      "output": "#00AC00"
                    }
                  ],
                  "outputType": "color",
                  "type": "map"
                }
              ],
              "type": "tag"
            }
          }
        },
        "props": {
          "fit": {
            "mode": "contain"
          },
          "source": "/system/images/flame1.svg",
          "tint": {
            "enabled": true
          }
        },
        "type": "ia.display.image"
      },
      {
        "meta": {
          "name": "smoke1"
        },
        "position": {
          "height": 63,
          "width": 52,
          "x": 180.6999969482422,
          "y": 260.5
        },
        "propConfig": {
          "props.tint.color": {
            "binding": {
              "config": {
                "fallbackDelay": 2.5,
                "mode": "direct",
                "tagPath": "[default]Received/Smoke_Sensor/State/ss1"
              },
              "transforms": [
                {
                  "fallback": "#000000",
                  "inputType": "scalar",
                  "mappings": [
                    {
                      "input": true,
                      "output": "#00AC00"
                    },
                    {
                      "input": false,
                      "output": "#FF8C00"
                    }
                  ],
                  "outputType": "color",
                  "type": "map"
                }
              ],
              "type": "tag"
            }
          }
        },
        "props": {
          "fit": {
            "mode": "contain"
          },
          "source": "/system/images/smoke.svg",
          "tint": {
            "enabled": true
          }
        },
        "type": "ia.display.image"
      },
      {
        "meta": {
          "name": "bell"
        },
        "position": {
          "height": 63,
          "width": 68,
          "x": 48.60000038146973,
          "y": 105
        },
        "propConfig": {
          "props.tint.color": {
            "binding": {
              "config": {
                "fallbackDelay": 2.5,
                "mode": "direct",
                "tagPath": "[default]Received/bell"
              },
              "transforms": [
                {
                  "fallback": "#000000",
                  "inputType": "scalar",
                  "mappings": [
                    {
                      "input": 0,
                      "output": "#00AC00"
                    },
                    {
                      "input": 1,
                      "output": "#FF0000"
                    },
                    {
                      "input": 2,
                      "output": "#FF8C00"
                    }
                  ],
                  "outputType": "color",
                  "type": "map"
                }
              ],
              "type": "tag"
            }
          }
        },
        "props": {
          "fit": {
            "mode": "contain"
          },
          "source": "/system/images/alram2.svg",
          "tint": {
            "enabled": true
          }
        },
        "type": "ia.display.image"
      },
      {
        "meta": {
          "name": "switch"
        },
        "position": {
          "height": 63,
          "width": 68,
          "x": 61.199998474121095,
          "y": 321.5
        },
        "propConfig": {
          "props.tint.color": {
            "binding": {
              "config": {
                "fallbackDelay": 2.5,
                "mode": "direct",
                "tagPath": "[default]Received/switch"
              },
              "transforms": [
                {
                  "fallback": "#000000",
                  "inputType": "scalar",
                  "mappings": [
                    {
                      "input": 0,
                      "output": "#00AC00"
                    },
                    {
                      "input": 1,
                      "output": "#FF0000"
                    },
                    {
                      "input": 2,
                      "output": "#FF8C00"
                    }
                  ],
                  "outputType": "color",
                  "type": "map"
                }
              ],
              "type": "tag"
            }
          }
        },
        "props": {
          "fit": {
            "mode": "contain"
          },
          "source": "/system/images/alarm1.svg",
          "tint": {
            "enabled": true
          }
        },
        "type": "ia.display.image"
      },
      {
        "meta": {
          "name": "camera"
        },
        "position": {
          "height": 63,
          "width": 68,
          "x": 274.20000076293945,
          "y": 210.5
        },
        "propConfig": {
          "props.tint.color": {
            "binding": {
              "config": {
                "fallbackDelay": 2.5,
                "mode": "direct",
                "tagPath": "[default]Received/Camera"
              },
              "transforms": [
                {
                  "fallback": "#000000",
                  "inputType": "scalar",
                  "mappings": [
                    {
                      "input": true,
                      "output": "#00AC00"
                    },
                    {
                      "input": false,
                      "output": "#FF8C00"
                    }
                  ],
                  "outputType": "color",
                  "type": "map"
                }
              ],
              "type": "tag"
            }
          }
        },
        "props": {
          "fit": {
            "mode": "contain"
          },
          "source": "/system/images/cctv.svg",
          "tint": {
            "enabled": true
          }
        },
        "type": "ia.display.image"
      },
      {
        "meta": {
          "name": "flame2"
        },
        "position": {
          "height": 63,
          "rotate": {
            "anchor": "25% 50%"
          },
          "width": 68,
          "x": 215.00000038146973,
          "y": 104.5
        },
        "propConfig": {
          "props.tint.color": {
            "binding": {
              "config": {
                "fallbackDelay": 2.5,
                "mode": "direct",
                "tagPath": "[default]Received/Flame_Sensor/fs2"
              },
              "transforms": [
                {
                  "fallback": "#000000",
                  "inputType": "scalar",
                  "mappings": [
                    {
                      "input": 0,
                      "output": "#FF8C00"
                    },
                    {
                      "input": 1,
                      "output": "#FF0000"
                    },
                    {
                      "input": 2,
                      "output": "#00AC00"
                    }
                  ],
                  "outputType": "color",
                  "type": "map"
                }
              ],
              "type": "tag"
            }
          }
        },
        "props": {
          "fit": {
            "mode": "contain"
          },
          "source": "/system/images/flame1.svg",
          "tint": {
            "enabled": true
          }
        },
        "type": "ia.display.image"
      },
      {
        "meta": {
          "name": "flame3"
        },
        "position": {
          "height": 63,
          "width": 68,
          "x": 347.4999938964844,
          "y": 104
        },
        "propConfig": {
          "props.tint.color": {
            "binding": {
              "config": {
                "fallbackDelay": 2.5,
                "mode": "direct",
                "tagPath": "[default]Received/Flame_Sensor/fs3"
              },
              "transforms": [
                {
                  "fallback": "#000000",
                  "inputType": "scalar",
                  "mappings": [
                    {
                      "input": 0,
                      "output": "#FF8C00"
                    },
                    {
                      "input": 1,
                      "output": "#FF0000"
                    },
                    {
                      "input": 2,
                      "output": "#00AC00"
                    }
                  ],
                  "outputType": "color",
                  "type": "map"
                }
              ],
              "type": "tag"
            }
          }
        },
        "props": {
          "fit": {
            "mode": "contain"
          },
          "source": "/system/images/flame1.svg",
          "tint": {
            "enabled": true
          }
        },
        "type": "ia.display.image"
      },
      {
        "meta": {
          "name": "flame4"
        },
        "position": {
          "height": 63,
          "width": 68,
          "x": 344.70000610351565,
          "y": 323.5
        },
        "propConfig": {
          "props.tint.color": {
            "binding": {
              "config": {
                "fallbackDelay": 2.5,
                "mode": "direct",
                "tagPath": "[default]Received/Flame_Sensor/fs4"
              },
              "transforms": [
                {
                  "fallback": "#000000",
                  "inputType": "scalar",
                  "mappings": [
                    {
                      "input": 0,
                      "output": "#FF8C00"
                    },
                    {
                      "input": 1,
                      "output": "#FF0000"
                    },
                    {
                      "input": 2,
                      "output": "#00AC00"
                    }
                  ],
                  "outputType": "color",
                  "type": "map"
                }
              ],
              "type": "tag"
            }
          }
        },
        "props": {
          "fit": {
            "mode": "contain"
          },
          "source": "/system/images/flame1.svg",
          "tint": {
            "enabled": true
          }
        },
        "type": "ia.display.image"
      },
      {
        "meta": {
          "name": "smoke2"
        },
        "position": {
          "height": 63,
          "width": 52,
          "x": 180.39999694824218,
          "y": 148
        },
        "propConfig": {
          "props.tint.color": {
            "binding": {
              "config": {
                "fallbackDelay": 2.5,
                "mode": "direct",
                "tagPath": "[default]Received/Smoke_Sensor/State/ss2"
              },
              "transforms": [
                {
                  "fallback": "#000000",
                  "inputType": "scalar",
                  "mappings": [
                    {
                      "input": true,
                      "output": "#00AC00"
                    },
                    {
                      "input": false,
                      "output": "#FF8C00"
                    }
                  ],
                  "outputType": "color",
                  "type": "map"
                }
              ],
              "type": "tag"
            }
          }
        },
        "props": {
          "fit": {
            "mode": "contain"
          },
          "source": "/system/images/smoke.svg",
          "tint": {
            "enabled": true
          }
        },
        "type": "ia.display.image"
      },
      {
        "meta": {
          "name": "smoke3"
        },
        "position": {
          "height": 63,
          "width": 52,
          "x": 401.7,
          "y": 148
        },
        "propConfig": {
          "props.tint.color": {
            "binding": {
              "config": {
                "fallbackDelay": 2.5,
                "mode": "direct",
                "tagPath": "[default]Received/Smoke_Sensor/State/ss3"
              },
              "transforms": [
                {
                  "fallback": "#000000",
                  "inputType": "scalar",
                  "mappings": [
                    {
                      "input": true,
                      "output": "#00AC00"
                    },
                    {
                      "input": false,
                      "output": "#FF8C00"
                    }
                  ],
                  "outputType": "color",
                  "type": "map"
                }
              ],
              "type": "tag"
            }
          }
        },
        "props": {
          "fit": {
            "mode": "contain"
          },
          "source": "/system/images/smoke.svg",
          "tint": {
            "enabled": true
          }
        },
        "type": "ia.display.image"
      },
      {
        "meta": {
          "name": "smoke4"
        },
        "position": {
          "height": 63,
          "width": 52,
          "x": 386.3000061035156,
          "y": 260.5
        },
        "propConfig": {
          "props.tint.color": {
            "binding": {
              "config": {
                "fallbackDelay": 2.5,
                "mode": "direct",
                "tagPath": "[default]Received/Smoke_Sensor/State/ss4"
              },
              "transforms": [
                {
                  "fallback": "#000000",
                  "inputType": "scalar",
                  "mappings": [
                    {
                      "input": true,
                      "output": "#00AC00"
                    },
                    {
                      "input": false,
                      "output": "#FF8C00"
                    }
                  ],
                  "outputType": "color",
                  "type": "map"
                }
              ],
              "type": "tag"
            }
          }
        },
        "props": {
          "fit": {
            "mode": "contain"
          },
          "source": "/system/images/smoke.svg",
          "tint": {
            "enabled": true
          }
        },
        "type": "ia.display.image"
      },
      {
        "meta": {
          "name": "MovingAnalogIndicator"
        },
        "position": {
          "height": 244,
          "width": 71,
          "x": 553.5000007629394,
          "y": 74.89999694824218
        },
        "propConfig": {
          "props.desiredHigh": {
            "binding": {
              "config": {
                "bidirectional": true,
                "fallbackDelay": 2.5,
                "mode": "direct",
                "tagPath": "[default]GH1/Thresholds/ss_1_upper"
              },
              "type": "tag"
            }
          },
          "props.desiredLow": {
            "binding": {
              "config": {
                "fallbackDelay": 2.5,
                "mode": "direct",
                "tagPath": "[default]GH1/Thresholds/ss_1_lower"
              },
              "type": "tag"
            }
          },
          "props.processValue": {
            "binding": {
              "config": {
                "fallbackDelay": 2.5,
                "mode": "direct",
                "tagPath": "[default]Received/Smoke_Sensor/ss1"
              },
              "type": "tag"
            }
          }
        },
        "props": {
          "highAlarm": 90,
          "highHighAlarm": null,
          "highInterlock": null,
          "lowAlarm": 10,
          "lowInterlock": null,
          "lowLowAlarm": null
        },
        "type": "ia.display.moving-analog-indicator"
      },
      {
        "meta": {
          "name": "MovingAnalogIndicator_0"
        },
        "position": {
          "height": 244,
          "width": 71,
          "x": 623.7,
          "y": 75.89999694824219
        },
        "propConfig": {
          "props.desiredHigh": {
            "binding": {
              "config": {
                "bidirectional": true,
                "fallbackDelay": 2.5,
                "mode": "direct",
                "tagPath": "[default]GH1/Thresholds/ss_2_upper"
              },
              "type": "tag"
            }
          },
          "props.desiredLow": {
            "binding": {
              "config": {
                "bidirectional": true,
                "fallbackDelay": 2.5,
                "mode": "direct",
                "tagPath": "[default]GH1/Thresholds/ss_2_lower"
              },
              "type": "tag"
            }
          },
          "props.processValue": {
            "binding": {
              "config": {
                "fallbackDelay": 2.5,
                "mode": "direct",
                "tagPath": "[default]Received/Smoke_Sensor/ss2"
              },
              "type": "tag"
            }
          }
        },
        "props": {
          "highAlarm": 90,
          "highHighAlarm": null,
          "highInterlock": null,
          "lowAlarm": 10,
          "lowInterlock": null,
          "lowLowAlarm": null
        },
        "type": "ia.display.moving-analog-indicator"
      },
      {
        "meta": {
          "name": "MovingAnalogIndicator_2"
        },
        "position": {
          "height": 244,
          "width": 71,
          "x": 757.8,
          "y": 75.29999694824218
        },
        "propConfig": {
          "props.desiredHigh": {
            "binding": {
              "config": {
                "bidirectional": true,
                "fallbackDelay": 2.5,
                "mode": "direct",
                "tagPath": "[default]GH1/Thresholds/ss_4_upper"
              },
              "type": "tag"
            }
          },
          "props.desiredLow": {
            "binding": {
              "config": {
                "bidirectional": true,
                "fallbackDelay": 2.5,
                "mode": "direct",
                "tagPath": "[default]GH1/Thresholds/ss_4_lower"
              },
              "type": "tag"
            }
          },
          "props.processValue": {
            "binding": {
              "config": {
                "fallbackDelay": 2.5,
                "mode": "direct",
                "tagPath": "[default]Received/Smoke_Sensor/ss4"
              },
              "type": "tag"
            }
          }
        },
        "props": {
          "highAlarm": 90,
          "highHighAlarm": null,
          "highInterlock": null,
          "lowAlarm": 10,
          "lowInterlock": null,
          "lowLowAlarm": null
        },
        "type": "ia.display.moving-analog-indicator"
      },
      {
        "meta": {
          "name": "MovingAnalogIndicator_1"
        },
        "position": {
          "height": 243,
          "rotate": {
            "anchor": "62% 50%"
          },
          "width": 71,
          "x": 687.6,
          "y": 76.69999694824219
        },
        "propConfig": {
          "props.desiredHigh": {
            "binding": {
              "config": {
                "bidirectional": true,
                "fallbackDelay": 2.5,
                "mode": "direct",
                "tagPath": "[default]GH1/Thresholds/ss_3_upper"
              },
              "type": "tag"
            }
          },
          "props.desiredLow": {
            "binding": {
              "config": {
                "bidirectional": true,
                "fallbackDelay": 2.5,
                "mode": "direct",
                "tagPath": "[default]GH1/Thresholds/ss_3_lower"
              },
              "type": "tag"
            }
          },
          "props.processValue": {
            "binding": {
              "config": {
                "fallbackDelay": 2.5,
                "mode": "direct",
                "tagPath": "[default]Received/Smoke_Sensor/ss3"
              },
              "type": "tag"
            }
          }
        },
        "props": {
          "highAlarm": 90,
          "highHighAlarm": null,
          "highInterlock": null,
          "lowAlarm": 10,
          "lowInterlock": null,
          "lowLowAlarm": null
        },
        "type": "ia.display.moving-analog-indicator"
      },
      {
        "meta": {
          "name": "Label"
        },
        "position": {
          "height": 32,
          "width": 50,
          "x": 566.7999877929688,
          "y": 324.40001220703124
        },
        "props": {
          "style": {
            "textAlign": "center"
          },
          "text": 1
        },
        "type": "ia.display.label"
      },
      {
        "meta": {
          "name": "Label_0"
        },
        "position": {
          "height": 32,
          "width": 50,
          "x": 566.7999877929688,
          "y": 324.40001220703124
        },
        "props": {
          "style": {
            "textAlign": "center"
          },
          "text": 1
        },
        "type": "ia.display.label"
      },
      {
        "meta": {
          "name": "Label_1"
        },
        "position": {
          "height": 32,
          "width": 50,
          "x": 637.8,
          "y": 323.6000122070312
        },
        "props": {
          "style": {
            "textAlign": "center"
          },
          "text": 2
        },
        "type": "ia.display.label"
      },
      {
        "meta": {
          "name": "Label_2"
        },
        "position": {
          "height": 32,
          "width": 50,
          "x": 700.7000244140625,
          "y": 323.6000122070312
        },
        "props": {
          "style": {
            "textAlign": "center"
          },
          "text": 3
        },
        "type": "ia.display.label"
      },
      {
        "meta": {
          "name": "Label_3"
        },
        "position": {
          "height": 32,
          "width": 50,
          "x": 771.8,
          "y": 323.6000122070312
        },
        "props": {
          "style": {
            "textAlign": "center"
          },
          "text": 4
        },
        "type": "ia.display.label"
      },
      {
        "meta": {
          "name": "Label_4"
        },
        "position": {
          "height": 32,
          "width": 166,
          "x": 618.2000244140625,
          "y": 356.0000030517578
        },
        "props": {
          "text": "Smoke Sensor Gauge"
        },
        "type": "ia.display.label"
      }
    ],
    "meta": {
      "name": "root"
    },
    "type": "ia.container.coord"
  }
}