{
  "custom": {},
  "params": {},
  "props": {},
  "root": {
    "children": [
      {
        "children": [
          {
            "meta": {
              "name": "Icon"
            },
            "position": {
              "basis": "30px"
            },
            "props": {
              "path": "material/eco",
              "style": {
                "classes": "Title/Icon Title/Title"
              }
            },
            "type": "ia.display.icon"
          },
          {
            "meta": {
              "name": "Label"
            },
            "position": {
              "basis": "800px"
            },
            "props": {
              "style": {
                "classes": "Title/Text Title/Title"
              },
              "text": "Simulated Green House"
            },
            "type": "ia.display.label"
          }
        ],
        "meta": {
          "name": "FlexContainer"
        },
        "position": {
          "basis": "57px"
        },
        "props": {
          "style": {
            "classes": "Title/Title"
          }
        },
        "type": "ia.container.flex"
      },
      {
        "children": [
          {
            "meta": {
              "name": "floor"
            },
            "position": {
              "height": 504,
              "width": 783.19,
              "x": -36.18,
              "y": 2.67
            },
            "props": {
              "fit": {
                "mode": "fill",
                "scroll": true
              },
              "source": "/system/images/floor.svg"
            },
            "type": "ia.display.image"
          },
          {
            "children": [
              {
                "meta": {
                  "name": "door"
                },
                "position": {
                  "height": 100,
                  "width": 100,
                  "x": -11.850000000000001,
                  "y": 123.138
                },
                "propConfig": {
                  "props.tint.color": {
                    "binding": {
                      "config": {
                        "fallbackDelay": 2.5,
                        "mode": "direct",
                        "tagPath": "[default]CO326/2021/SS/1/door_open.value"
                      },
                      "transforms": [
                        {
                          "fallback": "#000000",
                          "inputType": "scalar",
                          "mappings": [
                            {
                              "input": 1,
                              "output": "#D90000"
                            },
                            {
                              "input": 0,
                              "output": "#00D900"
                            },
                            {
                              "input": 2,
                              "output": "#0000D9"
                            }
                          ],
                          "outputType": "color",
                          "type": "map"
                        }
                      ],
                      "type": "tag"
                    }
                  }
                },
                "props": {
                  "fit": {
                    "mode": "contain"
                  },
                  "source": "/system/images/door.svg",
                  "tint": {
                    "enabled": true
                  }
                },
                "type": "ia.display.image"
              },
              {
                "meta": {
                  "name": "cctv"
                },
                "position": {
                  "height": 57.999999999999986,
                  "width": 67.99999999999997,
                  "x": 258.15,
                  "y": 129.997
                },
                "propConfig": {
                  "props.tint.color": {
                    "binding": {
                      "config": {
                        "fallbackDelay": 2.5,
                        "mode": "direct",
                        "tagPath": "[default]CO326/2021/SS/1/camera_live.value"
                      },
                      "transforms": [
                        {
                          "fallback": "#000000",
                          "inputType": "scalar",
                          "mappings": [
                            {
                              "input": 0,
                              "output": "#00AC00"
                            },
                            {
                              "input": 1,
                              "output": "#D90000"
                            },
                            {
                              "input": 2,
                              "output": "#0000D9"
                            }
                          ],
                          "outputType": "color",
                          "type": "map"
                        }
                      ],
                      "type": "tag"
                    }
                  }
                },
                "props": {
                  "fit": {
                    "mode": "contain"
                  },
                  "source": "/system/images/cctv.svg",
                  "tint": {
                    "enabled": true
                  }
                },
                "type": "ia.display.image"
              },
              {
                "meta": {
                  "name": "sprinkler"
                },
                "position": {
                  "height": 45,
                  "width": 47,
                  "x": 87.85,
                  "y": 223.63
                },
                "propConfig": {
                  "props.tint.color": {
                    "binding": {
                      "config": {
                        "fallbackDelay": 2.5,
                        "mode": "direct",
                        "tagPath": "[default]CO326/2021/SS/1/sprinkler1.value"
                      },
                      "transforms": [
                        {
                          "fallback": "#000000",
                          "inputType": "scalar",
                          "mappings": [
                            {
                              "input": 0,
                              "output": "#00D900"
                            },
                            {
                              "input": 1,
                              "output": "#D90000"
                            },
                            {
                              "input": 2,
                              "output": "#0000D9"
                            }
                          ],
                          "outputType": "color",
                          "type": "map"
                        }
                      ],
                      "type": "tag"
                    }
                  }
                },
                "props": {
                  "fit": {
                    "mode": "contain"
                  },
                  "source": "/system/images/sprinkler.svg",
                  "tint": {
                    "enabled": true
                  }
                },
                "type": "ia.display.image"
              },
              {
                "meta": {
                  "name": "sprinkler_0"
                },
                "position": {
                  "height": 45,
                  "width": 47,
                  "x": 88,
                  "y": 63.46750915527343
                },
                "propConfig": {
                  "props.tint.color": {
                    "binding": {
                      "config": {
                        "fallbackDelay": 2.5,
                        "mode": "direct",
                        "tagPath": "[default]CO326/2021/SS/1/sprinkler2.value"
                      },
                      "transforms": [
                        {
                          "fallback": "#000000",
                          "inputType": "scalar",
                          "mappings": [
                            {
                              "input": 0,
                              "output": "#00D900"
                            },
                            {
                              "input": 1,
                              "output": "#D90000"
                            },
                            {
                              "input": 2,
                              "output": "#0000D9"
                            }
                          ],
                          "outputType": "color",
                          "type": "map"
                        }
                      ],
                      "type": "tag"
                    }
                  }
                },
                "props": {
                  "fit": {
                    "mode": "contain"
                  },
                  "source": "/system/images/sprinkler.svg",
                  "tint": {
                    "enabled": true
                  }
                },
                "type": "ia.display.image"
              },
              {
                "meta": {
                  "name": "sprinkler_1"
                },
                "position": {
                  "height": 45,
                  "width": 47,
                  "x": 416.6499938964844,
                  "y": 223.38
                },
                "propConfig": {
                  "props.tint.color": {
                    "binding": {
                      "config": {
                        "fallbackDelay": 2.5,
                        "mode": "direct",
                        "tagPath": "[default]CO326/2021/SS/1/sprinkler4.value"
                      },
                      "transforms": [
                        {
                          "fallback": "#000000",
                          "inputType": "scalar",
                          "mappings": [
                            {
                              "input": 0,
                              "output": "#00D900"
                            },
                            {
                              "input": 1,
                              "output": "#D90000"
                            },
                            {
                              "input": null,
                              "output": "#0000D9"
                            }
                          ],
                          "outputType": "color",
                          "type": "map"
                        }
                      ],
                      "type": "tag"
                    }
                  }
                },
                "props": {
                  "fit": {
                    "mode": "contain"
                  },
                  "source": "/system/images/sprinkler.svg",
                  "tint": {
                    "enabled": true
                  }
                },
                "type": "ia.display.image"
              },
              {
                "meta": {
                  "name": "sprinkler_2"
                },
                "position": {
                  "height": 45,
                  "width": 47,
                  "x": 416.55,
                  "y": 64.85500305175782
                },
                "propConfig": {
                  "props.tint.color": {
                    "binding": {
                      "config": {
                        "fallbackDelay": 2.5,
                        "mode": "direct",
                        "tagPath": "[default]CO326/2021/SS/1/sprinkler3.value"
                      },
                      "transforms": [
                        {
                          "fallback": "#000000",
                          "inputType": "scalar",
                          "mappings": [
                            {
                              "input": 0,
                              "output": "#00D900"
                            },
                            {
                              "input": 1,
                              "output": "#D90000"
                            },
                            {
                              "input": 2,
                              "output": "#0000D9"
                            }
                          ],
                          "outputType": "color",
                          "type": "map"
                        }
                      ],
                      "type": "tag"
                    }
                  }
                },
                "props": {
                  "fit": {
                    "mode": "contain"
                  },
                  "source": "/system/images/sprinkler.svg",
                  "tint": {
                    "enabled": true
                  }
                },
                "type": "ia.display.image"
              },
              {
                "meta": {
                  "name": "Label"
                },
                "position": {
                  "height": 32,
                  "width": 75,
                  "x": 73.8499969482422,
                  "y": 277.26
                },
                "props": {
                  "text": "sprinkler1"
                },
                "type": "ia.display.label"
              },
              {
                "meta": {
                  "name": "Label_0"
                },
                "position": {
                  "height": 32,
                  "width": 75,
                  "x": 73.24999694824218,
                  "y": 97.86000610351562
                },
                "props": {
                  "text": "sprinkler2"
                },
                "type": "ia.display.label"
              },
              {
                "meta": {
                  "name": "Label_1"
                },
                "position": {
                  "height": 32,
                  "width": 75,
                  "x": 402.05,
                  "y": 97.86000610351562
                },
                "props": {
                  "text": "sprinkler3"
                },
                "type": "ia.display.label"
              },
              {
                "meta": {
                  "name": "Label_2"
                },
                "position": {
                  "height": 32,
                  "width": 75,
                  "x": 403.05,
                  "y": 268.2225183105469
                },
                "props": {
                  "text": "sprinkler4"
                },
                "type": "ia.display.label"
              },
              {
                "meta": {
                  "name": "speaker"
                },
                "position": {
                  "height": 48,
                  "rotate": {
                    "angle": "180deg"
                  },
                  "width": 47,
                  "x": 0.550002288818348,
                  "y": 29.860000000000014
                },
                "propConfig": {
                  "props.tint.color": {
                    "binding": {
                      "config": {
                        "fallbackDelay": 2.5,
                        "mode": "direct",
                        "tagPath": "[default]CO326/2021/SS/1/speaker.value"
                      },
                      "transforms": [
                        {
                          "fallback": "#000000",
                          "inputType": "scalar",
                          "mappings": [
                            {
                              "input": 0,
                              "output": "#42C742"
                            },
                            {
                              "input": 1,
                              "output": "#D90000"
                            },
                            {
                              "input": 2,
                              "output": "#0000D9"
                            }
                          ],
                          "outputType": "color",
                          "type": "map"
                        }
                      ],
                      "type": "tag"
                    }
                  }
                },
                "props": {
                  "fit": {
                    "mode": "contain"
                  },
                  "source": "/system/images/speaker.svg",
                  "tint": {
                    "enabled": true
                  }
                },
                "type": "ia.display.image"
              },
              {
                "meta": {
                  "name": "flame"
                },
                "position": {
                  "height": 53,
                  "width": 41.99999999999997,
                  "x": 159.15,
                  "y": 69.13499999999999
                },
                "propConfig": {
                  "props.tint.color": {
                    "binding": {
                      "config": {
                        "fallbackDelay": 2.5,
                        "mode": "direct",
                        "tagPath": "[default]CO326/2021/SS/1/flame2.value"
                      },
                      "transforms": [
                        {
                          "fallback": "#000000",
                          "inputType": "scalar",
                          "mappings": [
                            {
                              "input": 0,
                              "output": "#42C742"
                            },
                            {
                              "input": 1,
                              "output": "#D90000"
                            },
                            {
                              "input": 2,
                              "output": "#0000D9"
                            }
                          ],
                          "outputType": "color",
                          "type": "map"
                        }
                      ],
                      "type": "tag"
                    }
                  }
                },
                "props": {
                  "fit": {
                    "mode": "contain"
                  },
                  "source": "/system/images/flame1.svg",
                  "tint": {
                    "enabled": true
                  }
                },
                "type": "ia.display.image"
              },
              {
                "meta": {
                  "name": "flame_0"
                },
                "position": {
                  "height": 53,
                  "width": 41.99999999999997,
                  "x": 477.04999389648435,
                  "y": 69.00999999999999
                },
                "propConfig": {
                  "props.tint.color": {
                    "binding": {
                      "config": {
                        "fallbackDelay": 2.5,
                        "mode": "direct",
                        "tagPath": "[default]CO326/2021/SS/1/flame3.value"
                      },
                      "transforms": [
                        {
                          "fallback": "#000000",
                          "inputType": "scalar",
                          "mappings": [
                            {
                              "input": 0,
                              "output": "#42C742"
                            },
                            {
                              "input": 1,
                              "output": "#D90000"
                            },
                            {
                              "input": 2,
                              "output": "#0000D9"
                            }
                          ],
                          "outputType": "color",
                          "type": "map"
                        }
                      ],
                      "type": "tag"
                    }
                  }
                },
                "props": {
                  "fit": {
                    "mode": "contain"
                  },
                  "source": "/system/images/flame1.svg",
                  "tint": {
                    "enabled": true
                  }
                },
                "type": "ia.display.image"
              },
              {
                "meta": {
                  "name": "flame_1"
                },
                "position": {
                  "height": 53,
                  "width": 41.99999999999997,
                  "x": 159.05,
                  "y": 214.37251831054687
                },
                "propConfig": {
                  "props.tint.color": {
                    "binding": {
                      "config": {
                        "fallbackDelay": 2.5,
                        "mode": "direct",
                        "tagPath": "[default]CO326/2021/SS/1/flame1.value"
                      },
                      "transforms": [
                        {
                          "fallback": "#000000",
                          "inputType": "scalar",
                          "mappings": [
                            {
                              "input": 0,
                              "output": "#42C742"
                            },
                            {
                              "input": 1,
                              "output": "#D90000"
                            },
                            {
                              "input": 2,
                              "output": "#0000D9"
                            }
                          ],
                          "outputType": "color",
                          "type": "map"
                        }
                      ],
                      "type": "tag"
                    }
                  }
                },
                "props": {
                  "fit": {
                    "mode": "contain"
                  },
                  "source": "/system/images/flame1.svg",
                  "tint": {
                    "enabled": true
                  }
                },
                "type": "ia.display.image"
              },
              {
                "meta": {
                  "name": "flame_2"
                },
                "position": {
                  "height": 53,
                  "width": 41.99999999999997,
                  "x": 476.9499938964844,
                  "y": 215.73551831054687
                },
                "propConfig": {
                  "props.tint.color": {
                    "binding": {
                      "config": {
                        "fallbackDelay": 2.5,
                        "mode": "direct",
                        "tagPath": "[default]CO326/2021/SS/1/flame4.value"
                      },
                      "transforms": [
                        {
                          "fallback": "#000000",
                          "inputType": "scalar",
                          "mappings": [
                            {
                              "input": 0,
                              "output": "#42C742"
                            },
                            {
                              "input": 1,
                              "output": "#D90000"
                            },
                            {
                              "input": 2,
                              "output": "#0000D9"
                            }
                          ],
                          "outputType": "color",
                          "type": "map"
                        }
                      ],
                      "type": "tag"
                    }
                  }
                },
                "props": {
                  "fit": {
                    "mode": "contain"
                  },
                  "source": "/system/images/flame1.svg",
                  "tint": {
                    "enabled": true
                  }
                },
                "type": "ia.display.image"
              }
            ],
            "meta": {
              "name": "CoordinateContainer"
            },
            "position": {
              "height": 334,
              "width": 536.48,
              "x": 30.86,
              "y": 80.74
            },
            "type": "ia.container.coord"
          },
          {
            "events": {
              "component": {
                "onActionPerformed": {
                  "config": {
                    "script": "\tif (self.props.selected):\n\t\tsystem.tag.write(\"[default]CO326/2021/SS/1/camera_live.value\",0)\n\telse:\n\t\tsystem.tag.write(\"[default]CO326/2021/SS/1/camera_live.value\",2)"
                  },
                  "scope": "G",
                  "type": "script"
                }
              }
            },
            "meta": {
              "name": "ToggleSwitch"
            },
            "position": {
              "height": 36,
              "width": 96,
              "x": 283,
              "y": 281.638
            },
            "propConfig": {
              "props.selected": {
                "binding": {
                  "config": {
                    "fallbackDelay": 2.5,
                    "mode": "direct",
                    "tagPath": "[default]CO326/2021/SS/1/camera_live"
                  },
                  "transforms": [
                    {
                      "fallback": null,
                      "inputType": "scalar",
                      "mappings": [
                        {
                          "input": 2,
                          "output": 0
                        },
                        {
                          "input": 0,
                          "output": 1
                        },
                        {
                          "input": 0,
                          "output": 1
                        }
                      ],
                      "outputType": "scalar",
                      "type": "map"
                    }
                  ],
                  "type": "tag"
                }
              }
            },
            "type": "ia.input.toggle-switch"
          },
          {
            "events": {
              "component": {
                "onActionPerformed": {
                  "config": {
                    "script": "\tif(self.props.radios[0].selected):\n\t\tsystem.tag.write(\"[default]CO326/2021/SS/1/flame1.value\",0)\n\telif(self.props.radios[1].selected):\n\t\tsystem.tag.write(\"[default]CO326/2021/SS/1/flame1.value\",1)\n\telif(self.props.radios[2].selected):\n\t\tsystem.tag.write(\"[default]CO326/2021/SS/1/flame1.value\",2)"
                  },
                  "scope": "G",
                  "type": "script"
                }
              }
            },
            "meta": {
              "name": "RadioGroup"
            },
            "position": {
              "height": 123.99999999999999,
              "width": 155,
              "x": 232,
              "y": 88.64
            },
            "propConfig": {
              "props.index": {
                "binding": {
                  "config": {
                    "fallbackDelay": 2.5,
                    "mode": "direct",
                    "tagPath": "[default]CO326/2021/SS/1/flame1"
                  },
                  "type": "tag"
                }
              }
            },
            "props": {
              "radios": [
                {
                  "selected": false,
                  "text": "low",
                  "value": "Radio button"
                },
                {
                  "selected": true,
                  "text": "high",
                  "value": "Radio button"
                },
                {
                  "selected": false,
                  "text": "disabled",
                  "value": "Radio button"
                }
              ]
            },
            "type": "ia.input.radio-group"
          },
          {
            "events": {
              "component": {
                "onActionPerformed": {
                  "config": {
                    "script": "\tif(self.props.radios[0].selected):\n\t\tsystem.tag.write(\"[default]CO326/2021/SS/1/sprinkler2.value\",0)\n\telif(self.props.radios[1].selected):\n\t\tsystem.tag.write(\"[default]CO326/2021/SS/1/sprinkler2.value\",1)\n\telif(self.props.radios[2].selected):\n\t\tsystem.tag.write(\"[default]CO326/2021/SS/1/sprinkler2.value\",2)"
                  },
                  "scope": "G",
                  "type": "script"
                }
              }
            },
            "meta": {
              "name": "RadioGroup_0"
            },
            "position": {
              "height": 123.99999999999999,
              "width": 155,
              "x": 606,
              "y": 103.53999847412109
            },
            "props": {
              "radios": [
                {
                  "selected": true,
                  "text": "live",
                  "value": "Radio button"
                },
                {
                  "selected": false,
                  "text": "activated",
                  "value": "Radio button"
                },
                {
                  "selected": false,
                  "text": "disabled",
                  "value": "Radio button"
                }
              ]
            },
            "type": "ia.input.radio-group"
          },
          {
            "meta": {
              "name": "Label"
            },
            "position": {
              "height": 32,
              "width": 102,
              "x": 612,
              "y": 73.73999847412108
            },
            "props": {
              "text": "Sprinkler1"
            },
            "type": "ia.display.label"
          },
          {
            "events": {
              "component": {
                "onActionPerformed": {
                  "config": {
                    "script": "\ttag_path\u003d \"[default]CO326/2021/SS/1/door_open.value\"\n\tif(self.props.radios[0].selected):\n\t\tsystem.tag.write(tag_path,0)\n\telif(self.props.radios[1].selected):\n\t\tsystem.tag.write(tag_path,1)\n\telif(self.props.radios[2].selected):\n\t\tsystem.tag.write(tag_path,2)"
                  },
                  "scope": "G",
                  "type": "script"
                }
              }
            },
            "meta": {
              "name": "RadioGroup_1"
            },
            "position": {
              "height": 123.99999999999999,
              "width": 155,
              "x": 606,
              "y": 284.4649984741211
            },
            "props": {
              "radios": [
                {
                  "selected": true,
                  "text": "closed",
                  "value": "Radio button"
                },
                {
                  "selected": false,
                  "text": "opened",
                  "value": "Radio button"
                },
                {
                  "selected": false,
                  "text": "disabled",
                  "value": "Radio button"
                }
              ]
            },
            "type": "ia.input.radio-group"
          },
          {
            "meta": {
              "name": "Label_0"
            },
            "position": {
              "height": 32,
              "width": 102,
              "x": 612,
              "y": 254.6649984741211
            },
            "props": {
              "text": "Door"
            },
            "type": "ia.display.label"
          },
          {
            "events": {
              "component": {
                "onActionPerformed": {
                  "config": {
                    "script": "\tsystem.tag.write(\"[default]CO326/2021/SS/1/smoke_senor.value\",self.props.value)"
                  },
                  "scope": "G",
                  "type": "script"
                }
              }
            },
            "meta": {
              "name": "Slider_0"
            },
            "position": {
              "height": 32,
              "width": 192,
              "x": 54.85,
              "y": 434.238
            },
            "type": "ia.input.slider"
          },
          {
            "events": {
              "component": {
                "onActionPerformed": {
                  "config": {
                    "script": "\tsystem.tag.write(\"[default]CO326/2021/SS/1/smoke_senor 1.value\",self.props.value)"
                  },
                  "scope": "G",
                  "type": "script"
                }
              }
            },
            "meta": {
              "name": "Slider_1"
            },
            "position": {
              "height": 32,
              "width": 192,
              "x": 290.85,
              "y": 432.438
            },
            "type": "ia.input.slider"
          },
          {
            "events": {
              "component": {
                "onActionPerformed": {
                  "config": {
                    "script": "\tsystem.tag.write(\"[default]CO326/2021/SS/1/smoke_senor 2.value\",self.props.value)"
                  },
                  "scope": "G",
                  "type": "script"
                }
              }
            },
            "meta": {
              "name": "Slider_2"
            },
            "position": {
              "height": 32,
              "width": 192,
              "x": 532.85,
              "y": 431.638
            },
            "type": "ia.input.slider"
          },
          {
            "meta": {
              "name": "Label_1"
            },
            "position": {
              "height": 32.00000000000001,
              "width": 118.00000000000003,
              "x": 234.60000610351562,
              "y": 48.04000305175781
            },
            "props": {
              "text": "FlameSensor1"
            },
            "type": "ia.display.label"
          }
        ],
        "meta": {
          "name": "CoordinateContainer"
        },
        "position": {
          "basis": "504px",
          "grow": 1
        },
        "type": "ia.container.coord"
      },
      {
        "meta": {
          "name": "BreakpointContainer"
        },
        "position": {
          "basis": "11px"
        },
        "type": "ia.container.breakpt"
      },
      {
        "children": [
          {
            "children": [
              {
                "meta": {
                  "name": "Label"
                },
                "position": {
                  "basis": "32px"
                },
                "props": {
                  "style": {
                    "textAlign": "center"
                  },
                  "text": "Smoke sensor 1"
                },
                "type": "ia.display.label"
              },
              {
                "meta": {
                  "name": "SimpleGauge"
                },
                "position": {
                  "basis": "175px"
                },
                "propConfig": {
                  "props.value": {
                    "binding": {
                      "config": {
                        "fallbackDelay": 2.5,
                        "mode": "direct",
                        "tagPath": "[default]CO326/2021/SS/1/smoke_senor"
                      },
                      "type": "tag"
                    }
                  }
                },
                "props": {
                  "style": {
                    "classes": []
                  }
                },
                "type": "ia.chart.simple-gauge"
              }
            ],
            "meta": {
              "name": "FlexContainer_0"
            },
            "position": {
              "height": 276,
              "width": 271,
              "x": 6,
              "y": -1.3937591552734148
            },
            "props": {
              "direction": "column"
            },
            "type": "ia.container.flex"
          },
          {
            "children": [
              {
                "meta": {
                  "name": "Label"
                },
                "position": {
                  "basis": "32px"
                },
                "props": {
                  "style": {
                    "textAlign": "center"
                  },
                  "text": "Smoke sensor 2"
                },
                "type": "ia.display.label"
              },
              {
                "meta": {
                  "name": "SimpleGauge"
                },
                "position": {
                  "basis": "175px"
                },
                "propConfig": {
                  "props.value": {
                    "binding": {
                      "config": {
                        "fallbackDelay": 2.5,
                        "mode": "direct",
                        "tagPath": "[default]CO326/2021/SS/1/smoke_senor 1"
                      },
                      "type": "tag"
                    }
                  }
                },
                "props": {
                  "style": {
                    "classes": []
                  }
                },
                "type": "ia.chart.simple-gauge"
              }
            ],
            "meta": {
              "name": "FlexContainer_1"
            },
            "position": {
              "height": 397,
              "width": 271,
              "x": 257,
              "y": -0.39998474121091476
            },
            "props": {
              "direction": "column"
            },
            "type": "ia.container.flex"
          },
          {
            "children": [
              {
                "meta": {
                  "name": "Label"
                },
                "position": {
                  "basis": "32px"
                },
                "props": {
                  "style": {
                    "textAlign": "center"
                  },
                  "text": "Smoke sensor 3"
                },
                "type": "ia.display.label"
              },
              {
                "meta": {
                  "name": "SimpleGauge"
                },
                "position": {
                  "basis": "175px"
                },
                "propConfig": {
                  "props.value": {
                    "binding": {
                      "config": {
                        "fallbackDelay": 2.5,
                        "mode": "direct",
                        "tagPath": "[default]CO326/2021/SS/1/smoke_senor 2"
                      },
                      "type": "tag"
                    }
                  }
                },
                "props": {
                  "style": {
                    "classes": []
                  }
                },
                "type": "ia.chart.simple-gauge"
              }
            ],
            "meta": {
              "name": "FlexContainer_2"
            },
            "position": {
              "height": 397,
              "width": 271,
              "x": 499,
              "y": -0.39998500000001513
            },
            "props": {
              "direction": "column"
            },
            "type": "ia.container.flex"
          },
          {
            "children": [
              {
                "meta": {
                  "name": "Label"
                },
                "position": {
                  "basis": "32px"
                },
                "props": {
                  "style": {
                    "textAlign": "center"
                  },
                  "text": "Smoke sensor 4"
                },
                "type": "ia.display.label"
              },
              {
                "meta": {
                  "name": "SimpleGauge"
                },
                "position": {
                  "basis": "175px"
                },
                "propConfig": {
                  "props.value": {
                    "binding": {
                      "config": {
                        "fallbackDelay": 2.5,
                        "mode": "direct",
                        "tagPath": "[default]_GenSim_/Random/RandomDouble2"
                      },
                      "type": "tag"
                    }
                  }
                },
                "props": {
                  "animate": true,
                  "label": {
                    "maxDecimal": 1
                  },
                  "style": {
                    "classes": []
                  }
                },
                "type": "ia.chart.simple-gauge"
              }
            ],
            "meta": {
              "name": "FlexContainer_3"
            },
            "position": {
              "height": 397,
              "width": 271,
              "x": 752.9999847412109,
              "y": -0.39998500000001513
            },
            "props": {
              "direction": "column"
            },
            "type": "ia.container.flex"
          }
        ],
        "meta": {
          "name": "CoordinateContainer_0"
        },
        "position": {
          "basis": "298px"
        },
        "type": "ia.container.coord"
      }
    ],
    "meta": {
      "name": "root"
    },
    "props": {
      "direction": "column"
    },
    "type": "ia.container.flex"
  }
}