{
  "custom": {},
  "params": {},
  "permissions": {
    "securityLevels": [],
    "type": "AllOf"
  },
  "props": {
    "defaultSize": {
      "width": 1376
    }
  },
  "root": {
    "children": [
      {
        "meta": {
          "name": "CylindricalTank"
        },
        "position": {
          "height": 0.2737,
          "width": 0.1214,
          "x": 0.0125,
          "y": 0.0388
        },
        "propConfig": {
          "props.value": {
            "binding": {
              "config": {
                "fallbackDelay": 2.5,
                "mode": "direct",
                "tagPath": "[default]_Test1_/Random/RandomInteger1"
              },
              "type": "tag"
            }
          }
        },
        "type": "ia.display.cylindrical-tank"
      },
      {
        "meta": {
          "name": "Pump"
        },
        "position": {
          "height": 0.135,
          "rotate": {
            "anchor": "-67% 50%"
          },
          "width": 0.0797,
          "x": 0.2921,
          "y": 0.1486
        },
        "propConfig": {
          "props.value.text": {
            "binding": {
              "config": {
                "fallbackDelay": 2.5,
                "mode": "direct",
                "tagPath": "[default]_Test1_/Ramp/Ramp1"
              },
              "type": "tag"
            }
          }
        },
        "props": {
          "state": "running",
          "value": {}
        },
        "type": "ia.symbol.pump"
      },
      {
        "meta": {
          "name": "CylindricalTank_0",
          "tooltip": {
            "enabled": true
          }
        },
        "position": {
          "height": 0.265,
          "rotate": {
            "anchor": "50% 25%"
          },
          "width": 0.1206,
          "x": 0.4143,
          "y": 0.0355
        },
        "propConfig": {
          "props.value": {
            "binding": {
              "config": {
                "fallbackDelay": 2.5,
                "mode": "direct",
                "tagPath": "[default]_Test1_/Ramp/Ramp2"
              },
              "type": "tag"
            }
          }
        },
        "type": "ia.display.cylindrical-tank"
      },
      {
        "meta": {
          "name": "Valve_0"
        },
        "position": {
          "height": 0.1475,
          "rotate": {
            "anchor": "35% 50%"
          },
          "width": 0.0974,
          "x": 0.7379,
          "y": 0.4843
        },
        "props": {
          "state": "partiallyClosed"
        },
        "type": "ia.symbol.valve"
      },
      {
        "meta": {
          "name": "ToggleSwitch"
        },
        "position": {
          "height": 0.045,
          "rotate": {
            "anchor": "50% -46%"
          },
          "width": 0.1483,
          "x": 0.0007,
          "y": 0.7466
        },
        "propConfig": {
          "props.label.text": {
            "binding": {
              "config": {
                "fallbackDelay": 2.5,
                "mode": "direct",
                "tagPath": "[default]_Test1_/Writeable/SystemOn"
              },
              "transforms": [
                {
                  "code": "\tif value \u003d\u003d 1:\n\t\tvalue \u003d 1\n\telse:\n\t\tvalue \u003d 0\n\treturn value",
                  "type": "script"
                },
                {
                  "fallback": null,
                  "inputType": "scalar",
                  "mappings": [
                    {
                      "input": 0,
                      "output": "System off"
                    },
                    {
                      "input": 1,
                      "output": "System on"
                    }
                  ],
                  "outputType": "scalar",
                  "type": "map"
                }
              ],
              "type": "tag"
            }
          },
          "props.selected": {
            "binding": {
              "config": {
                "bidirectional": true,
                "fallbackDelay": 2.5,
                "mode": "direct",
                "tagPath": "[default]_Test1_/Writeable/SystemOn"
              },
              "type": "tag"
            }
          }
        },
        "props": {
          "label": {}
        },
        "type": "ia.input.toggle-switch"
      },
      {
        "meta": {
          "name": "Valve_1"
        },
        "position": {
          "height": 0.155,
          "rotate": {
            "anchor": "64% -70%"
          },
          "width": 0.0959,
          "x": 0.7383,
          "y": 0.1024
        },
        "props": {
          "state": "failedToOpen"
        },
        "type": "ia.symbol.valve"
      },
      {
        "meta": {
          "name": "Valve_2"
        },
        "position": {
          "height": 0.1575,
          "rotate": {
            "anchor": "25% -56%"
          },
          "width": 0.0952,
          "x": 0.7389,
          "y": 0.2942
        },
        "propConfig": {
          "props.value.text": {
            "binding": {
              "config": {
                "fallbackDelay": 2.5,
                "mode": "direct",
                "tagPath": "[default]_Test1_/Sine/Sine6"
              },
              "type": "tag"
            }
          }
        },
        "props": {
          "label": {
            "text": "value"
          },
          "state": "open",
          "value": {}
        },
        "type": "ia.symbol.valve"
      },
      {
        "meta": {
          "name": "ToggleSwitch_0"
        },
        "position": {
          "height": 0.045,
          "rotate": {
            "anchor": "50% -46%"
          },
          "width": 0.1483,
          "x": 0.0007,
          "y": 0.8028
        },
        "propConfig": {
          "props.label.text": {
            "binding": {
              "config": {
                "fallbackDelay": 2.5,
                "mode": "direct",
                "tagPath": "[default]_Test1_/Writeable/pump"
              },
              "transforms": [
                {
                  "code": "\tif value \u003d\u003d 1:\n\t\tvalue \u003d 1\n\telse:\n\t\tvalue \u003d 0\n\treturn value",
                  "type": "script"
                },
                {
                  "fallback": null,
                  "inputType": "scalar",
                  "mappings": [
                    {
                      "input": 0,
                      "output": "pump off"
                    },
                    {
                      "input": 1,
                      "output": "pump on"
                    }
                  ],
                  "outputType": "scalar",
                  "type": "map"
                }
              ],
              "type": "tag"
            }
          },
          "props.selected": {
            "binding": {
              "config": {
                "bidirectional": true,
                "fallbackDelay": 2.5,
                "mode": "direct",
                "tagPath": "[default]_Test1_/Writeable/pump"
              },
              "type": "tag"
            }
          }
        },
        "props": {
          "label": {}
        },
        "type": "ia.input.toggle-switch"
      },
      {
        "meta": {
          "name": "Label"
        },
        "position": {
          "height": 0.08,
          "rotate": {
            "anchor": "-824% -784%"
          },
          "width": 0.0603,
          "x": 0.0428,
          "y": 0.3412
        },
        "props": {
          "text": "water sources"
        },
        "type": "ia.display.label"
      },
      {
        "meta": {
          "name": "Label_0"
        },
        "position": {
          "height": 0.0437,
          "rotate": {
            "anchor": "-824% -784%"
          },
          "width": 0.0378,
          "x": 0.4621,
          "y": 0.3112
        },
        "props": {
          "text": "Tank"
        },
        "type": "ia.display.label"
      },
      {
        "meta": {
          "name": "Label_1"
        },
        "position": {
          "height": 0.04,
          "rotate": {
            "anchor": "0% 75%"
          },
          "width": 0.1235,
          "x": 0.8216,
          "y": 0.1712
        },
        "props": {
          "text": "green house 1"
        },
        "type": "ia.display.label"
      },
      {
        "meta": {
          "name": "Label_2"
        },
        "position": {
          "height": 0.04,
          "rotate": {
            "anchor": "0% 75%"
          },
          "width": 0.1235,
          "x": 0.8246,
          "y": 0.3549
        },
        "props": {
          "text": "green house 2"
        },
        "type": "ia.display.label"
      },
      {
        "meta": {
          "name": "Label_3"
        },
        "position": {
          "height": 0.04,
          "rotate": {
            "anchor": "0% 75%"
          },
          "width": 0.1235,
          "x": 0.8254,
          "y": 0.5373
        },
        "props": {
          "text": "green house 3"
        },
        "type": "ia.display.label"
      },
      {
        "meta": {
          "name": "SimpleGauge"
        },
        "position": {
          "height": 0.155,
          "width": 0.1359,
          "x": 0.0007,
          "y": 0.4446
        },
        "propConfig": {
          "props.value": {
            "binding": {
              "config": {
                "fallbackDelay": 2.5,
                "mode": "direct",
                "tagPath": "[default]_Test1_/Random/RandomInteger2"
              },
              "type": "tag"
            }
          }
        },
        "props": {
          "style": {
            "classes": []
          }
        },
        "type": "ia.chart.simple-gauge"
      },
      {
        "meta": {
          "name": "Label_4"
        },
        "position": {
          "height": 0.08,
          "rotate": {
            "anchor": "-824% -784%"
          },
          "width": 0.0814,
          "x": 0.0297,
          "y": 0.5761
        },
        "props": {
          "text": "water quality"
        },
        "type": "ia.display.label"
      },
      {
        "meta": {
          "name": "Sensor"
        },
        "position": {
          "height": 0.125,
          "width": 0.0727,
          "x": 0.67,
          "y": 0.0562
        },
        "propConfig": {
          "props.value.text": {
            "binding": {
              "config": {
                "fallbackDelay": 2.5,
                "mode": "direct",
                "tagPath": "[default]_Test1_/Random/RandomInteger1"
              },
              "type": "tag"
            }
          }
        },
        "props": {
          "appearance": "simple",
          "state": "running",
          "value": {}
        },
        "type": "ia.symbol.sensor"
      },
      {
        "meta": {
          "name": "Sensor_0"
        },
        "position": {
          "height": 0.125,
          "width": 0.0727,
          "x": 0.6692,
          "y": 0.2523
        },
        "type": "ia.symbol.sensor"
      },
      {
        "meta": {
          "name": "Sensor_1"
        },
        "position": {
          "height": 0.125,
          "width": 0.0727,
          "x": 0.6685,
          "y": 0.4337
        },
        "props": {
          "state": "faulted"
        },
        "type": "ia.symbol.sensor"
      },
      {
        "meta": {
          "name": "ToggleSwitch_1"
        },
        "position": {
          "height": 0.045,
          "rotate": {
            "anchor": "50% -46%"
          },
          "width": 0.1483,
          "x": 0.194,
          "y": 0.7528
        },
        "propConfig": {
          "props.label.text": {
            "binding": {
              "config": {
                "fallbackDelay": 2.5,
                "mode": "direct",
                "tagPath": ""
              },
              "transforms": [
                {
                  "code": "\treturn \u0027green house 1\u0027",
                  "type": "script"
                }
              ],
              "type": "tag"
            }
          }
        },
        "props": {
          "label": {}
        },
        "type": "ia.input.toggle-switch"
      },
      {
        "meta": {
          "name": "ToggleSwitch_2"
        },
        "position": {
          "height": 0.045,
          "rotate": {
            "anchor": "50% -46%"
          },
          "width": 0.1483,
          "x": 0.1947,
          "y": 0.8203
        },
        "propConfig": {
          "props.label.text": {
            "binding": {
              "config": {
                "fallbackDelay": 2.5,
                "mode": "direct",
                "tagPath": "[default]_Test1_/Writeable/SystemOn"
              },
              "transforms": [
                {
                  "code": "\tif value \u003d\u003d 1:\n\t\tvalue \u003d 1\n\telse:\n\t\tvalue \u003d 0\n\treturn \u0027green house 2\u0027",
                  "type": "script"
                }
              ],
              "type": "tag"
            }
          }
        },
        "props": {
          "label": {}
        },
        "type": "ia.input.toggle-switch"
      },
      {
        "meta": {
          "name": "ToggleSwitch_3"
        },
        "position": {
          "height": 0.045,
          "rotate": {
            "anchor": "50% -46%"
          },
          "width": 0.1483,
          "x": 0.1954,
          "y": 0.8852
        },
        "propConfig": {
          "props.label.text": {
            "binding": {
              "config": {
                "fallbackDelay": 2.5,
                "mode": "direct",
                "tagPath": "[default]_Test1_/Writeable/SystemOn"
              },
              "transforms": [
                {
                  "code": "\tif value \u003d\u003d 1:\n\t\tvalue \u003d 1\n\telse:\n\t\tvalue \u003d 0\n\treturn \u0027green house 3\u0027",
                  "type": "script"
                }
              ],
              "type": "tag"
            }
          }
        },
        "props": {
          "label": {}
        },
        "type": "ia.input.toggle-switch"
      }
    ],
    "meta": {
      "name": "root"
    },
    "position": {
      "x": 0.0422,
      "y": 0.5375
    },
    "props": {
      "mode": "percent",
      "pipes": [
        {
          "appearance": "auto",
          "end": "none",
          "fill": "",
          "flanges": true,
          "lineVariant": "solid",
          "name": "pipe_2",
          "origin": {
            "x": 0.4111,
            "y": 0.2737
          },
          "start": "none",
          "stroke": "",
          "width": 10
        },
        {
          "appearance": "auto",
          "end": "none",
          "fill": "",
          "flanges": true,
          "lineVariant": "solid",
          "name": "pipe_1",
          "origin": {
            "connections": [],
            "x": 0.2922,
            "y": 0.4238
          },
          "start": "none",
          "stroke": "",
          "width": 10
        },
        {
          "appearance": "auto",
          "end": "none",
          "fill": "",
          "flanges": true,
          "lineVariant": "solid",
          "name": "pipe_3",
          "origin": {
            "connections": [
              {
                "connections": [
                  {
                    "connections": [
                      {
                        "connections": [
                          {
                            "connections": [
                              {
                                "connections": [],
                                "x": 0.7629,
                                "y": 0.1853
                              },
                              {
                                "connections": [],
                                "x": 0.5349,
                                "y": 0.1853
                              }
                            ],
                            "x": 0.6629,
                            "y": 0.1853
                          }
                        ],
                        "x": 0.6629,
                        "y": 0.308
                      },
                      {
                        "connections": [],
                        "x": 0.7626,
                        "y": 0.379
                      }
                    ],
                    "x": 0.6629,
                    "y": 0.379
                  }
                ],
                "x": 0.6629,
                "y": 0.5614
              }
            ],
            "x": 0.7649,
            "y": 0.5614
          },
          "start": "none",
          "stroke": "",
          "width": 10
        },
        {
          "appearance": "auto",
          "end": "none",
          "fill": "",
          "flanges": true,
          "lineVariant": "solid",
          "name": "pipe",
          "origin": {
            "connections": [
              {
                "connections": [],
                "x": 0.415,
                "y": 0.175
              }
            ],
            "x": 0.1331,
            "y": 0.175
          },
          "start": "none",
          "stroke": "",
          "width": 10
        }
      ]
    },
    "type": "ia.container.coord"
  }
}